,votes,votes,votes,votes,votes,votes,votes,votes,votes,votes,votes,votes,votes,votes,votes,votes,votes,votes,votes,votes,votes,votes,votes,votes,votes
id,1,2,3,4,5,6,7,8,9,10,11,12,13,14,15,16,17,18,19,20,21,22,23,24,25
code,,,,,,,,,,,,,,,,,,,,,,,,,
101,16.37267205229026,16.37267205229026,5468.472465464947,16.37267205229026,2409.51157036205,81.8633602614513,163.7267205229026,16.37267205229026,272.877867538171,109.1511470152684,16.37267205229026,1874.6709499872347,1086.0539128019207,16.37267205229026,1421.6936898738709,5225.611163355974,3179.0271568196927,818.633602614513,16.37267205229026,16.37267205229026,291.979318265843,968.716429760507,1787.3500323750202,16.37267205229026,1981.0933183271216
102,42.980000217171956,42.980000217171956,14355.320072535433,42.980000217171956,6325.223365293807,214.9000010858598,429.8000021717196,42.980000217171956,716.3333369528659,286.5333347811464,42.980000217171956,4921.210024866189,2851.0066810724065,42.980000217171956,3732.0966855244315,13717.783402647381,8345.283375500889,2149.0000108585978,42.980000217171956,42.980000217171956,766.4766705395666,2542.983346182674,4691.983357041272,42.980000217171956,5200.580026277807
103,26.385507419041797,26.385507419041797,8812.75947795996,26.385507419041797,3883.0671751689847,131.927537095209,263.855074190418,26.385507419041797,439.75845698403,175.903382793612,26.385507419041797,3021.140599480286,1750.2386587964395,26.385507419041797,2291.141560886796,8421.374451244174,5123.186023863949,1319.2753709520898,26.385507419041797,26.385507419041797,470.54154897291215,1561.1425222933062,2880.4178932453965,26.385507419041797,3192.6463977040576
104,37.38805339653552,37.38805339653552,12487.609834442863,37.38805339653552,5502.275191523478,186.9402669826776,373.8805339653552,37.38805339653552,623.134223275592,249.2536893102368,37.38805339653552,4280.932113903317,2480.0742086368564,37.38805339653552,3246.529303265834,11933.020375727585,7259.5137011606475,1869.402669826776,37.38805339653552,37.38805339653552,666.7536189048835,2212.1264926283516,4081.529162455128,37.38805339653552,4523.954460980798
105,38.790167563366616,38.790167563366616,12955.915966164452,38.790167563366616,5708.619659742121,193.95083781683311,387.90167563366623,38.790167563366616,646.502792722777,258.6011170891108,38.790167563366616,4441.474186005478,2573.0811150366526,38.790167563366616,3368.2795500856682,12380.528480641178,7531.757535220353,1939.5083781683309,38.790167563366616,38.790167563366616,691.7579882133715,2295.084914165858,4234.59329233419,38.790167563366616,4693.610275167361
106,25.05011973301722,25.05011973301722,8366.739990827751,25.05011973301722,3686.5426207090345,125.25059866508612,250.50119733017223,25.05011973301722,417.50199555028706,167.0007982201148,25.05011973301722,2868.2387094304718,1661.6579422901425,25.05011973301722,2175.1853968169953,7995.1632147879955,4863.898248160845,1252.5059866508611,25.05011973301722,25.05011973301722,446.7271352388072,1482.1320842035188,2734.63807085438,25.05011973301722,3031.0644876950837
107,24.159885906777475,24.159885906777475,8069.401892863678,24.159885906777475,3555.529875947419,120.79942953388739,241.59885906777478,24.159885906777475,402.664765112958,161.0659060451832,24.159885906777475,2766.306936326021,1602.6057651495728,24.159885906777475,2097.883426238511,7711.030251913145,4691.044513565961,1207.9942953388738,24.159885906777475,24.159885906777475,430.8512986708651,1429.4599161510007,2637.454211489875,24.159885906777475,2923.346194720075
108,34.20667804160538,34.20667804160538,11425.030465896198,34.20667804160538,5034.082785122926,171.0333902080269,342.0667804160538,34.20667804160538,570.111300693423,228.04452027736923,34.20667804160538,3916.664635763816,2269.042976759824,34.20667804160538,2970.279876612734,10917.63140827905,6641.796653078379,1710.3339020802691,34.20667804160538,34.20667804160538,610.0190917419627,2023.8951174616516,3734.229019541921,34.20667804160538,4139.008043034251
201,38.212805880572816,38.212805880572816,12763.077164111322,38.212805880572816,5623.651265424301,191.0640294028641,382.1280588057282,38.212805880572816,636.880098009547,254.7520392038188,38.212805880572816,4375.366273325588,2534.782790077997,38.212805880572816,3318.14531062974,12196.253876882824,7419.653141811223,1910.640294028641,38.212805880572816,38.212805880572816,681.4617048702154,2260.9243479338916,4171.564641962533,38.212805880572816,4623.749511549311
202,30.1968735348393,30.1968735348393,10085.755760636326,30.1968735348393,4443.973221877184,150.9843676741965,301.968735348393,30.1968735348393,503.281225580655,201.312490232262,30.1968735348393,3457.5420197391,2003.059277811007,30.1968735348393,2622.0951852752128,9637.835469869542,5863.226278014631,1509.843676741965,30.1968735348393,30.1968735348393,538.510911371301,1786.6483508113251,3296.4920275532904,30.1968735348393,3653.8216977155553
203,14.337646815234539,14.337646815234539,4788.774036288336,14.337646815234539,2110.0236896420165,71.6882340761727,143.3764681523454,14.337646815234539,238.960780253909,95.5843121015636,14.337646815234539,1641.6605603443547,951.0639054105578,14.337646815234539,1244.9856651228658,4576.098941862357,2783.89308995804,716.8823407617269,14.337646815234539,14.337646815234539,255.68803487168265,848.3107699013768,1565.193110663104,14.337646815234539,1734.8552646433793
204,21.02417950100892,21.02417950100892,7022.07595333698,21.02417950100892,3094.0584165651467,105.12089750504461,210.24179501008922,21.02417950100892,350.402991683482,140.16119667339282,21.02417950100892,2407.2685528655215,1394.6039069002586,21.02417950100892,1825.5995866709413,6710.21729073868,4082.194853112566,1051.208975050446,21.02417950100892,21.02417950100892,374.9312011013258,1243.9306204763611,2295.1395955268076,21.02417950100892,2543.9257196220797
205,18.63070740420744,18.63070740420744,6222.656273005285,18.63070740420744,2741.8191063191953,93.15353702103721,186.30707404207442,18.63070740420744,310.511790070124,124.2047160280496,18.63070740420744,2133.215997781752,1235.8369244790936,18.63070740420744,1617.7664262653461,5946.300779842874,3617.462354316945,931.535370210372,18.63070740420744,18.63070740420744,332.24761537503275,1102.3168547489402,2033.8522249593123,18.63070740420744,2254.3155959091
206,14.843554863092939,14.843554863092939,4957.747324273041,14.843554863092939,2184.476490685178,74.2177743154647,148.4355486309294,14.843554863092939,247.392581051549,98.9570324206196,14.843554863092939,1699.5870318241414,984.622472585165,14.843554863092939,1288.9153472785702,4737.567927137163,2882.1235692505456,742.1777431546469,14.843554863092939,14.843554863092939,264.71006172515746,878.2436627329988,1620.421405887646,14.843554863092939,1796.0701384342456
207,45.103818351841014,45.103818351841014,15064.6753295149,45.103818351841014,6637.77860077927,225.5190917592051,451.0381835184102,45.103818351841014,751.730305864017,300.6921223456068,45.103818351841014,5164.387201285796,2991.886617338788,45.103818351841014,3916.5148935515285,14395.635357295923,8757.6580633158,2255.190917592051,45.103818351841014,45.103818351841014,804.3514272744983,2668.64258581726,4923.833503409312,45.103818351841014,5457.562020572763
301,11.86611255224484,11.86611255224484,3963.2815924497763,11.86611255224484,1746.2962306053657,59.3305627612242,118.6611255224484,11.86611255224484,197.768542537414,79.1074170149656,11.86611255224484,1358.6698872320342,787.1187992989078,11.86611255224484,1030.374106619927,3787.2675895914776,2304.0035205608733,593.305627612242,11.86611255224484,11.86611255224484,211.612340515033,702.0783260078197,1295.3839536200617,11.86611255224484,1435.7996188216255
302,19.29952841944344,19.29952841944344,6446.042492094109,19.29952841944344,2840.247265728093,96.49764209721721,192.99528419443442,19.29952841944344,321.65880699072403,128.6635227962896,19.29952841944344,2209.7960040262737,1280.2020518230815,19.29952841944344,1675.842384421672,6159.766153872364,3747.3251014419347,964.976420972172,19.29952841944344,19.29952841944344,344.1749234800747,1141.88876481707,2106.8651857892423,19.29952841944344,2335.2429387526563
303,8.316634250045219,8.316634250045219,2777.755839515103,8.316634250045219,1223.9313404649881,41.5831712502261,83.1663425004522,8.316634250045219,138.61057083408699,55.4442283336348,8.316634250045219,952.2546216301776,551.6700719196663,8.316634250045219,722.1610740455933,2654.3924314727656,1614.8131502171136,415.831712502261,8.316634250045219,8.316634250045219,148.3133107924731,492.0675264610088,907.8992389632698,8.316634250045219,1006.3127442554716
304,20.558739187279137,20.558739187279137,6866.618888551232,20.558739187279137,3025.5611170612465,102.7936959363957,205.5873918727914,20.558739187279137,342.64565312131896,137.0582612485276,20.558739187279137,2353.9756369434613,1363.7296994228495,20.558739187279137,1785.1838527620719,6561.664257273257,3991.8218588633663,1027.936959363957,20.558739187279137,20.558739187279137,366.63084883981134,1216.3920685806822,2244.329027944639,20.558739187279137,2487.6074416607757
305,14.51887994419254,14.51887994419254,4849.305901360309,14.51887994419254,2136.695165120336,72.59439972096271,145.18879944192543,14.51887994419254,241.98133240320902,96.79253296128361,14.51887994419254,1662.411753610046,963.0857029647719,14.51887994419254,1260.722741820719,4633.942515521452,2819.082522497385,725.943997209627,14.51887994419254,14.51887994419254,258.9200256714337,859.0337300313919,1584.977727241019,14.51887994419254,1756.7844732472975
306,20.746483360694157,20.746483360694157,6929.325442471849,20.746483360694157,3053.190801248824,103.7324168034708,207.4648336069416,20.746483360694157,345.774722678236,138.3098890712944,20.746483360694157,2375.472344799481,1376.1833962593794,20.746483360694157,1801.4863051536095,6621.5859392882185,4028.2755192014497,1037.324168034708,20.746483360694157,20.746483360694157,369.97895326571256,1227.5002655077376,2264.824433542446,20.746483360694157,2510.324486643993
307,43.46112204596958,43.46112204596958,14516.01476335384,43.46112204596958,6396.028461098524,217.3056102298479,434.6112204596958,43.46112204596958,724.352034099493,289.74081363979724,43.46112204596958,4976.298474263517,2882.9210957159826,43.46112204596958,3773.8740976583586,13871.34145300529,8438.701197259094,2173.056102298479,43.46112204596958,43.46112204596958,775.0566764864576,2571.4497210532,4744.505823351679,43.46112204596958,5258.795767562319
308,14.674887423312898,14.674887423312898,4901.412399386509,14.674887423312898,2159.6542657975483,73.3744371165645,146.748874233129,14.674887423312898,244.581457055215,97.832582822086,14.674887423312898,1680.274609969327,973.4341990797558,14.674887423312898,1274.2693912576701,4683.734902607366,2849.3739746932547,733.7443711656449,14.674887423312898,14.674887423312898,261.7021590490801,868.2641725460131,1602.0085437116584,14.674887423312898,1775.6613782208608
309,39.215838454875055,39.215838454875055,13098.09004392827,39.215838454875055,5771.2642259424465,196.07919227437532,392.15838454875063,39.215838454875055,653.597307581251,261.4389230325004,39.215838454875055,4490.213503083194,2601.317284173379,39.215838454875055,3405.241972498318,12516.388440180956,7614.408633321575,1960.791922743753,39.215838454875055,39.215838454875055,699.3491191119386,2320.2704419134407,4281.062364657194,39.215838454875055,4745.116453039882
401,25.632016164344634,25.632016164344634,8561.09339889111,25.632016164344634,3772.1783788527196,128.1600808217232,256.3201616434464,25.632016164344634,427.200269405744,170.8801077622976,25.632016164344634,2934.865850817461,1700.257072234861,25.632016164344634,2225.713403603926,8180.8851591199955,4976.883138576917,1281.6008082172318,25.632016164344634,25.632016164344634,457.1042882641461,1516.5609563903909,2798.161764607623,25.632016164344634,3101.473955885701
402,32.82181347159252,32.82181347159252,10962.4856995119,32.82181347159252,4830.2768825693665,164.1090673579626,328.2181347159252,32.82181347159252,547.030224526542,218.8120898106168,32.82181347159252,3758.0976424973433,2177.1802936156373,32.82181347159252,2850.027469783284,10475.628799683278,6372.902115734215,1641.090673579626,32.82181347159252,32.82181347159252,585.3223402434,1941.9572970692238,3583.0479706488504,32.82181347159252,3971.439430062695
403,54.35384008967484,54.35384008967484,18154.182589951397,54.35384008967484,7999.073466530481,271.7692004483742,543.5384008967484,54.35384008967484,905.897334827914,362.3589339311656,54.35384008967484,6223.514690267769,3605.471392615098,54.35384008967484,4719.725114453432,17347.93396195455,10553.7039507452,2717.692004483742,54.35384008967484,54.35384008967484,969.3101482658681,3215.9355386390944,5933.627543122837,54.35384008967484,6576.814650850655
404,41.12742358688064,41.12742358688064,13736.559478018133,41.12742358688064,6052.585837869267,205.6371179344032,411.2742358688064,41.12742358688064,685.457059781344,274.18282391253763,41.12742358688064,4709.090000697833,2728.1190979297494,41.12742358688064,3571.231281460802,13126.502694812736,7985.574746452658,2056.371179344032,41.12742358688064,41.12742358688064,733.4390539660382,2433.372562223771,4489.743741567803,41.12742358688064,4976.418254012558
405,15.2071001668743,15.2071001668743,5079.1714557360165,15.2071001668743,2237.9782412250015,76.0355008343715,152.071001668743,15.2071001668743,253.451669447905,101.38066777916201,15.2071001668743,1741.2129691071073,1008.737644402662,15.2071001668743,1320.483197823585,4853.599469927381,2952.7119490680934,760.355008343715,15.2071001668743,15.2071001668743,271.1932863092584,899.7534265400627,1660.1084348837778,15.2071001668743,1840.0591201917903
406,23.083192384150436,23.083192384150436,7709.786256306246,23.083192384150436,3397.0764792008063,115.4159619207522,230.8319238415044,23.083192384150436,384.719873069174,153.8879492276696,23.083192384150436,2643.0255279852254,1531.1850948153126,23.083192384150436,2004.3905386903966,7367.385569274681,4481.986521255877,1154.159619207522,23.083192384150436,23.083192384150436,411.65026418401624,1365.7555493955676,2519.9151686030896,23.083192384150436,2793.066278482203
407,13.752606198564179,13.752606198564179,4593.370470320436,13.752606198564179,2023.9252122220284,68.7630309928209,137.5260619856418,13.752606198564179,229.210103309403,91.68404132376119,13.752606198564179,1574.6734097355984,912.256211171424,13.752606198564179,1194.1846382419897,4389.373478375067,2670.297703554545,687.6303099282089,13.752606198564179,13.752606198564179,245.25481054106123,813.6958667483805,1501.3261766765895,13.752606198564179,1664.0653500262656
501,10.339611105340978,10.339611105340978,3453.430109183887,10.339611105340978,1521.6461010026808,51.6980555267049,103.3961110534098,10.339611105340978,172.32685175568298,68.9307407022732,10.339611105340978,1183.885471561542,685.8608699876183,10.339611105340978,897.8228976471083,3300.0592111213286,2007.6078229537068,516.9805552670489,10.339611105340978,10.339611105340978,184.38973137858082,611.7603237326746,1128.7408789997237,10.339611105340978,1251.0929437462585
502,26.826274621139454,26.826274621139454,8959.975723460579,26.826274621139454,3947.9334150776904,134.1313731056973,268.2627462113946,26.826274621139454,447.104577018991,178.84183080759638,26.826274621139454,3071.608444120468,1779.4762165355842,26.826274621139454,2329.414846268943,8562.052649913676,5208.768322271245,1341.3137310569728,26.826274621139454,26.826274621139454,478.4018974103204,1587.2212484174179,2928.534979474391,26.826274621139454,3245.979229157874
503,13.176556718207639,13.176556718207639,4400.969943881351,13.176556718207639,1939.1499303628912,65.8827835910382,131.7655671820764,13.176556718207639,219.60927863679402,87.8437114547176,13.176556718207639,1508.7157442347748,874.0449289744402,13.176556718207639,1144.1643416976967,4205.517685894604,2558.4480961186505,658.827835910382,13.176556718207639,13.176556718207639,234.98192814136962,779.6129391606187,1438.4407750710009,13.176556718207639,1594.3633629031244
504,11.051587741280038,11.051587741280038,3691.230305587533,11.051587741280038,1626.4253292583792,55.257938706400196,110.51587741280039,11.051587741280038,184.193129021334,73.6772516085336,11.051587741280038,1265.4067963765644,733.0886535049093,11.051587741280038,959.6462022011501,3527.2984207585455,2145.849953098541,552.5793870640019,11.051587741280038,11.051587741280038,197.0866480528274,653.8856080257356,1206.4649950897376,11.051587741280038,1337.2421166948848
505,24.179926065560394,24.179926065560394,8076.095305897173,24.179926065560394,3558.479119314972,120.899630327802,241.799260655604,24.179926065560394,402.99876775933996,161.19950710373598,24.179926065560394,2768.6015345066653,1603.9350956821731,24.179926065560394,2099.623580026161,7717.42640259136,4694.935644396311,1208.99630327802,24.179926065560394,24.179926065560394,431.2086815024938,1430.6456255456567,2639.641928823677,24.179926065560394,2925.771053932808
506,31.62195848490678,31.62195848490678,10561.734133958866,31.62195848490678,4653.698223695448,158.1097924245339,316.2195848490678,31.62195848490678,527.0326414151131,210.81305656604522,31.62195848490678,3620.714246521826,2097.58991283215,31.62195848490678,2745.840061772739,10092.675083099413,6139.930272486067,1581.097924245339,31.62195848490678,31.62195848490678,563.924926314171,1870.965877023651,3452.0638012689906,31.62195848490678,3826.2569766737206
507,20.024245106236258,20.024245106236258,6688.0978654829105,20.024245106236258,2946.9014048011027,100.1212255311813,200.2424510623626,20.024245106236258,333.737418437271,133.49496737490838,20.024245106236258,2292.7760646640513,1328.2749253803386,20.024245106236258,1738.7719500581818,6391.071563073739,3888.040924794207,1001.2122553118129,20.024245106236258,20.024245106236258,357.09903772788,1184.7678354523118,2185.9800907641247,20.024245106236258,2422.933657854587
508,19.13034894046842,19.13034894046842,6389.536546116452,19.13034894046842,2815.349685738936,95.6517447023421,191.3034894046842,19.13034894046842,318.839149007807,127.5356596031228,19.13034894046842,2190.424953683634,1268.979813051072,19.13034894046842,1661.1519663306744,6105.7697034995035,3714.4760859409516,956.5174470234209,19.13034894046842,19.13034894046842,341.1578894383535,1131.8789789777147,2088.3964260011358,19.13034894046842,2314.772221796679
509,5.375565919217004,5.375565919217004,1795.4390170184793,5.375565919217004,791.1041177781025,26.877829596085018,53.755659192170036,5.375565919217004,89.5927653202834,35.83710612811336,5.375565919217004,615.5022977503469,356.5792059747279,5.375565919217004,466.7783073186765,1715.701455883427,1043.7557159813016,268.7782959608502,5.375565919217004,5.375565919217004,95.86425889270325,318.05431688700605,586.8326128478562,5.375565919217004,650.4434762252574
510,12.431328113978397,12.431328113978397,4152.063590068785,12.431328113978397,1829.477120773821,62.156640569892,124.313281139784,12.431328113978397,207.18880189964,82.875520759856,12.431328113978397,1423.3870690505266,824.6114315605672,12.431328113978397,1079.4536578971242,3967.665556378105,2413.749542130806,621.5664056989199,12.431328113978397,12.431328113978397,221.6920180326148,735.5202467437218,1357.086652442642,12.431328113978397,1504.1907017913863
511,54.97180609893348,54.97180609893348,18360.583237043782,54.97180609893348,8090.017464226377,274.8590304946674,549.7180609893348,54.97180609893348,916.1967683155581,366.47870732622323,54.97180609893348,6294.2717983278835,3646.463137895921,54.97180609893348,4773.385162924057,17545.168113242933,10673.692350876252,2748.5903049466738,54.97180609893348,54.97180609893348,980.3305420976471,3252.4985275202307,6001.088832466905,54.97180609893348,6651.588537970951
601,36.73236161406455,36.73236161406455,12268.608779097562,36.73236161406455,5405.779217536501,183.6618080703228,367.3236161406456,36.73236161406455,612.206026901076,244.8824107604304,36.73236161406455,4205.8554048103915,2436.5799870662827,36.73236161406455,3189.5934001546057,11723.745415155603,7132.200213397536,1836.6180807032279,36.73236161406455,36.73236161406455,655.0604487841514,2173.3313954988193,4009.9494762020477,36.73236161406455,4444.615755301811
602,4.904097600724308,4.904097600724308,1637.9685986419188,4.904097600724308,721.719696906594,24.52048800362154,49.04097600724308,4.904097600724308,81.7349600120718,32.69398400482872,4.904097600724308,561.5191752829332,325.30514084804577,4.904097600724308,425.83914166289406,1565.2244842311748,952.2122841406365,245.20488003621537,4.904097600724308,4.904097600724308,87.45640721291683,290.1591080428548,535.3639880790703,4.904097600724308,593.3958096876412
603,17.396669353842476,17.396669353842476,5810.487564183388,17.396669353842476,2560.2098399071515,86.9833467692124,173.9666935384248,17.396669353842476,289.944489230708,115.9777956922832,17.396669353842476,1991.918641014964,1153.979067138218,17.396669353842476,1510.6107888919887,5552.436968768057,3377.853299537748,869.8334676921239,17.396669353842476,17.396669353842476,310.2406034768576,1029.3029367690133,1899.1364044611373,17.396669353842476,2104.99699181494
604,9.980972417992259,9.980972417992259,3333.644787609415,9.980972417992259,1468.866440847861,49.904862089961306,99.80972417992261,9.980972417992259,166.349540299871,66.5398161199484,9.980972417992259,1142.8213418601138,662.0711703934867,9.980972417992259,866.6811049623279,3185.593696742529,1937.9721444934974,499.048620899613,9.980972417992259,9.980972417992259,177.994008120862,590.540868064542,1089.5894889641552,9.980972417992259,1207.6976625770635
605,6.640316971862459,6.640316971862459,2217.8658686020613,6.640316971862459,977.233314359092,33.2015848593123,66.4031697186246,6.640316971862459,110.671949531041,44.2687798124164,6.640316971862459,760.3162932782516,440.47435913354315,6.640316971862459,576.6008570567236,2119.3678335194345,1289.3282120366275,332.01584859312294,6.640316971862459,6.640316971862459,118.41898599821387,392.8854208351955,724.9012694283185,6.640316971862459,803.4783535953576
606,18.109809237045837,18.109809237045837,6048.67628517331,18.109809237045837,2665.1602593852463,90.5490461852292,181.0980923704584,18.109809237045837,301.830153950764,120.7320615803056,18.109809237045837,2073.5731576417484,1201.2840127240408,18.109809237045837,1572.5351020834805,5780.04744815713,3516.321293526401,905.490461852292,18.109809237045837,18.109809237045837,322.9582647273175,1071.497046525212,1976.9875083775044,18.109809237045837,2191.2869176825466
607,6.061131747960419,6.061131747960419,2024.41800381878,6.061131747960419,891.9965555748418,30.305658739802098,60.611317479604196,6.061131747960419,101.018862466007,40.4075449864028,6.061131747960419,693.9995851414681,402.05507261470785,6.061131747960419,526.3082734478965,1934.5112162240337,1176.8697477289816,303.05658739802095,6.061131747960419,6.061131747960419,108.0901828386275,358.6169617543248,661.6735491523458,6.061131747960419,733.3969415032108
608,8.947352690649359,8.947352690649359,2988.415798676886,8.947352690649359,1316.7520709738976,44.7367634532468,89.4735269064936,8.947352690649359,149.122544844156,59.6490179376624,8.947352690649359,1024.4718830793518,593.5077284797409,8.947352690649359,776.9284586380528,2855.696733765587,1737.2776474344175,447.367634532468,8.947352690649359,8.947352690649359,159.56112298324695,529.3850341967537,976.7526687292218,8.947352690649359,1082.6296755685726
609,19.83487000221804,19.83487000221804,6624.846580740826,19.83487000221804,2919.0317019930885,99.1743500110902,198.3487000221804,19.83487000221804,330.58116670363404,132.23246668145362,19.83487000221804,2271.0926152539655,1315.7130434804635,19.83487000221804,1722.327878525933,6330.62934237459,3851.2705920973362,991.743500110902,19.83487000221804,19.83487000221804,353.7218483728884,1173.5631417979007,2165.3066419088027,19.83487000221804,2400.019270268383
610,11.60819206376712,11.60819206376712,3877.1361492982182,11.60819206376712,1708.3389320510614,58.04096031883561,116.08192063767122,11.60819206376712,193.46986772945203,77.3879470917808,11.60819206376712,1329.1379913013352,770.0100735632191,11.60819206376712,1007.978010870445,3704.947967019006,2253.923959048116,580.4096031883561,11.60819206376712,11.60819206376712,207.0127584705137,686.8180304395546,1267.2276336279108,11.60819206376712,1404.5912397158215
611,21.7358300250027,21.7358300250027,7259.767228350902,21.7358300250027,3198.7896520128975,108.6791501250135,217.358300250027,21.7358300250027,362.263833750045,144.905533500018,21.7358300250027,2488.7525378628093,1441.8100583251792,21.7358300250027,1887.3945738377345,6937.352416313362,4220.373663188025,1086.791501250135,21.7358300250027,21.7358300250027,387.6223021125482,1286.0366098126597,2372.828111062795,21.7358300250027,2630.0354330253267
612,7.989383024894339,7.989383024894339,2668.4539303147094,7.989383024894339,1175.7708684969505,39.9469151244717,79.8938302489434,7.989383024894339,133.156383748239,53.262553499295606,7.989383024894339,914.7843563504019,529.9624073179913,7.989383024894339,693.7447593283252,2549.9447487787766,1551.2718706669846,399.469151244717,7.989383024894339,7.989383024894339,142.47733061061575,472.70516230624844,872.1743135509655,7.989383024894339,966.7153460122152
613,14.32788136688742,14.32788136688742,4785.512376540398,14.32788136688742,2108.5865411602654,71.6394068344371,143.2788136688742,14.32788136688742,238.798022781457,95.5192091125828,14.32788136688742,1640.5424165086094,950.4161306701989,14.32788136688742,1244.137698691391,4572.982136264901,2781.996965403974,716.394068344371,14.32788136688742,14.32788136688742,255.513884376159,847.7329808741723,1564.1270492185433,14.32788136688742,1733.6736453933777
701,22.305800184276237,22.305800184276237,7450.137261548263,22.305800184276237,3282.670260452653,111.5290009213812,223.0580018427624,22.305800184276237,371.763336404604,148.7053345618416,22.305800184276237,2554.0141210996294,1479.6180788903239,22.305800184276237,1936.8869826679868,7119.267892148166,4331.042869113637,1115.2900092138118,22.305800184276237,22.305800184276237,397.7867699529263,1319.759844236344,2435.049853450156,22.305800184276237,2699.001822297425
702,17.4086145282561,17.4086145282561,5814.477252437537,17.4086145282561,2561.967771408356,87.0430726412805,174.086145282561,17.4086145282561,290.143575470935,116.057430188374,17.4086145282561,1993.2863634853234,1154.7714303743214,17.4086145282561,1511.6480282035714,5556.249470268404,3380.1726542363926,870.4307264128049,17.4086145282561,17.4086145282561,310.4536257539005,1030.0096929218191,1900.4404193346243,17.4086145282561,2106.442357918988
703,18.22877041895178,18.22877041895178,6088.409319929894,18.22877041895178,2682.6673799890705,91.1438520947589,182.2877041895178,18.22877041895178,303.812840315863,121.5251361263452,18.22877041895178,2087.1942129699787,1209.1751044571347,18.22877041895178,1582.8648980456462,5818.015892048776,3539.419589679804,911.4385209475889,18.22877041895178,18.22877041895178,325.07973913797343,1078.5355831213135,1989.9741040689028,18.22877041895178,2205.6812206931654
704,9.385983246605878,9.385983246605878,3134.918404366364,9.385983246605878,1381.3038677921654,46.9299162330294,93.8598324660588,9.385983246605878,156.433054110098,62.5732216440392,9.385983246605878,1074.6950817363731,622.6035553581901,9.385983246605878,815.0162119136106,2995.692986208376,1822.445080382642,469.299162330294,9.385983246605878,9.385983246605878,167.38336789780487,555.3373420908479,1024.636504421142,9.385983246605878,1135.7039728393115
705,2.8942091928744236,2.8942091928744236,966.6658704200576,2.8942091928744236,425.93111955135277,14.47104596437212,28.94209192874424,2.8942091928744236,48.2368198812404,19.29472795249616,2.8942091928744236,331.3869525841215,191.9825431273368,2.8942091928744236,251.3138315812625,923.7351007257536,561.9589516164507,144.71045964372118,2.8942091928744236,2.8942091928744236,51.61339727292723,171.2407105784034,315.95117022212463,2.8942091928744236,350.1993123378053
706,31.58860444027224,31.58860444027224,10550.593883050928,31.58860444027224,4648.789620126731,157.9430222013612,315.8860444027224,31.58860444027224,526.4767406712041,210.59069626848162,31.58860444027224,3616.8952084111716,2095.3774278713922,31.58860444027224,2742.943818896973,10082.029583853557,6133.454028819528,1579.430222013612,31.58860444027224,31.58860444027224,563.3301125181883,1868.9924293827742,3448.4226513963863,31.58860444027224,3822.221137272941
707,52.94819607238775,52.94819607238775,17684.69748817751,52.94819607238775,7792.209521986399,264.7409803619388,529.4819607238776,52.94819607238775,882.469934539796,352.9879738159184,52.94819607238775,6062.568450288398,3512.230339468388,52.94819607238775,4597.668358952337,16899.29924643709,10280.774737388623,2647.4098036193877,52.94819607238775,52.94819607238775,944.2428299575818,3132.7682676162754,5780.178071235664,52.94819607238775,6406.731724758918
708,16.525654981119118,16.525654981119118,5519.568763693786,16.525654981119118,2432.0255580546973,82.6282749055956,165.2565498111912,16.525654981119118,275.427583018652,110.17103320746081,16.525654981119118,1892.1874953381391,1096.201780414235,16.525654981119118,1434.977707527177,5274.438214807185,3208.731342167296,826.282749055956,16.525654981119118,16.525654981119118,294.7075138299577,977.7679197162146,1804.0506687721706,16.525654981119118,1999.6042527154134
709,9.345081560234698,9.345081560234698,3121.2572411183896,9.345081560234698,1375.2845029478733,46.725407801173496,93.45081560234699,9.345081560234698,155.751359337245,62.300543734898,9.345081560234698,1070.011838646873,619.8904101622351,9.345081560234698,811.4645821470464,2982.6385313082415,1814.5033362789043,467.254078011735,9.345081560234698,9.345081560234698,166.65395449085216,552.9173256472196,1020.1714036589548,9.345081560234698,1130.7548687883987
710,14.37319908466818,14.37319908466818,4800.648494279172,14.37319908466818,2115.255798627001,71.8659954233409,143.7319908466818,14.37319908466818,239.55331807780303,95.8213272311212,14.37319908466818,1645.7312951945066,953.422205949656,14.37319908466818,1248.0727871853537,4587.446041189927,2790.796155606405,718.659954233409,14.37319908466818,14.37319908466818,256.32205034324926,850.4142791762006,1569.0742334096099,14.37319908466818,1739.1570892448499
711,5.582750293786721,5.582750293786721,1864.638598124765,5.582750293786721,821.5947515689459,27.913751468933608,55.827502937867216,5.582750293786721,93.0458382297787,37.21833529191148,5.582750293786721,639.2249086385796,370.3224361545192,5.582750293786721,484.768817177147,1781.8278021002618,1083.984015376922,279.13751468933606,5.582750293786721,5.582750293786721,99.55904690586321,330.31272571571435,609.4502404050504,5.582750293786721,675.5127855481933
712,8.95291730182332,8.95291730182332,2990.274378808989,8.95291730182332,1317.5709962516653,44.7645865091166,89.5291730182332,8.95291730182332,149.215288363722,59.6861153454888,8.95291730182332,1025.1090310587701,593.8768476876136,8.95291730182332,777.4116523749916,2857.4727721652757,1738.3581094373612,447.64586509116594,8.95291730182332,8.95291730182332,159.66035854918255,529.7142736912131,977.3601387823791,8.95291730182332,1083.3029935206216
713,20.824930571646057,20.824930571646057,6955.526810929783,20.824930571646057,3064.7356157939116,104.12465285823029,208.24930571646058,20.824930571646057,347.082176194101,138.8328704776404,20.824930571646057,2384.4545504534735,1381.387061252522,20.824930571646057,1808.298137971266,6646.623674117033,4043.5073526612764,1041.246528582303,20.824930571646057,20.824930571646057,371.3779285276881,1232.1417254890584,2273.3882540713616,20.824930571646057,2519.816599169173
801,7.555241473489019,7.555241473489019,2523.4506521453327,7.555241473489019,1111.8797035151342,37.7762073674451,75.5524147348902,7.555241473489019,125.920691224817,50.3682764899268,7.555241473489019,865.0751487144928,501.1643510747717,7.555241473489019,656.0468012812966,2411.381236955245,1466.976052769118,377.762073674451,7.555241473489019,7.555241473489019,134.7351396105542,447.0184538481003,824.7805275225514,7.555241473489019,914.1842182921714
802,20.05166907353922,20.05166907353922,6697.2574705621,20.05166907353922,2950.9372986558556,100.25834536769611,200.51669073539222,20.05166907353922,334.194484558987,133.6777938235948,20.05166907353922,2295.9161089202407,1330.0940485447684,20.05166907353922,1741.1532645523223,6399.8243793046,3893.365745112199,1002.5834536769611,20.05166907353922,20.05166907353922,357.58809847811614,1186.3904201844039,2188.973873861365,20.05166907353922,2426.2519578982456
803,22.695650563358516,22.695650563358516,7580.347288161745,22.695650563358516,3340.0432412409286,113.47825281679259,226.95650563358518,22.695650563358516,378.260842722642,151.3043370890568,22.695650563358516,2598.6519895045503,1505.478154036115,22.695650563358516,1970.7389905849648,7243.6951381385925,4406.7388177187795,1134.7825281679259,22.695650563358516,22.695650563358516,404.73910171322694,1342.825991665379,2477.608519833305,22.695650563358516,2746.1737181663807
804,8.41948249476768,8.41948249476768,2812.1071532524047,8.41948249476768,1239.0671738133103,42.097412473838396,84.19482494767679,8.41948249476768,140.32470824612798,56.1298832984512,8.41948249476768,964.0307456508992,558.4923388195895,8.41948249476768,731.0917299623269,2687.2181629133506,1634.7828510673912,420.974124738384,8.41948249476768,8.41948249476768,150.14743782335697,498.1527142737543,919.1268390121384,8.41948249476768,1018.7573818668892
805,17.6822339330103,17.6822339330103,5905.86613362544,17.6822339330103,2602.235427141349,88.4111696650515,176.822339330103,17.6822339330103,294.703898883505,117.881559553402,17.6822339330103,2024.6157853296793,1172.92151755635,17.6822339330103,1535.407313183061,5643.57966361912,3433.3004219928334,884.1116966505149,17.6822339330103,17.6822339330103,315.3331718053504,1046.1988410364427,1930.3105376869578,17.6822339330103,2139.5503058942463
806,35.26908527323248,35.26908527323248,11779.874481259649,35.26908527323248,5190.433716044047,176.3454263661624,352.6908527323248,35.26908527323248,587.818087887208,235.1272351548832,35.26908527323248,4038.310263785119,2339.515989791088,35.26908527323248,3062.532237892354,11256.716383040031,6848.080723885973,1763.454263661624,35.26908527323248,35.26908527323248,628.9653540393126,2086.7542119995883,3850.2084756612126,35.26908527323248,4267.55931806113
807,26.780267116633198,26.780267116633198,8944.609216955489,26.780267116633198,3941.162643997853,133.901335583166,267.802671166332,26.780267116633198,446.33778527722006,178.535114110888,26.780267116633198,3066.3405848545017,1776.4243854033357,26.780267116633198,2325.4198612943164,8547.368588058762,5199.835198479614,1339.01335583166,26.780267116633198,26.780267116633198,477.5814302466255,1584.499137734131,2923.5124935657914,26.780267116633198,3240.4123211126175
808,15.330533315121478,15.330533315121478,5120.398127250574,15.330533315121478,2256.1434862087112,76.6526665756074,153.3053331512148,15.330533315121478,255.508888585358,102.2035554341432,15.330533315121478,1755.3460645814093,1016.9253765697249,15.330533315121478,1331.2013095297152,4892.995216409605,2976.6785520194207,766.526665756074,15.330533315121478,15.330533315121478,273.3945107863331,907.0565544780209,1673.583220234095,15.330533315121478,1854.994531129699
809,6.04405168273296,6.04405168273296,2018.7132620328084,6.04405168273296,889.4829393088672,30.220258413664798,60.440516827329596,6.04405168273296,100.734194712216,40.2936778848864,6.04405168273296,692.0439176729238,400.9220949546197,6.04405168273296,524.8251544506453,1929.059828738936,1173.5533683973165,302.202584136648,6.04405168273296,6.04405168273296,107.78558834207112,357.60639122836676,659.8089753650148,6.04405168273296,731.3302536106881
810,25.524945177692636,25.524945177692636,8525.331689349341,25.524945177692636,3756.4210986504336,127.6247258884632,255.2494517769264,25.524945177692636,425.415752961544,170.1663011846176,25.524945177692636,2922.606222845807,1693.1546967869451,25.524945177692636,2216.416072929644,8146.711669213566,4956.093522001987,1276.247258884632,25.524945177692636,25.524945177692636,455.19485566885214,1510.225923013481,2786.473181898113,25.524945177692636,3088.5183665008094
811,24.636672586558017,24.636672586558017,8228.64864391038,24.636672586558017,3625.6969823217887,123.1833629327901,246.3667258655802,24.636672586558017,410.611209775967,164.2444839103868,24.636672586558017,2820.899011160893,1634.2326149083488,24.636672586558017,2139.284402932788,7863.204667209767,4783.620593890016,1231.833629327901,24.636672586558017,24.636672586558017,439.35399446028475,1457.6697947046828,2689.503424032584,24.636672586558017,2981.0373829735204
900,52.372088999999995,52.372088999999995,23648.907744,52.372088999999995,6755.999481,52.372088999999995,232.76484,52.372088999999995,913.6019970000001,52.372088999999995,52.372088999999995,5272.123626,1763.1936629999998,52.372088999999995,1478.056734,5050.997028,3334.356333,331.689897,52.372088999999995,52.372088999999995,343.32813899999996,2868.8266529999996,3136.506219,0.0,2537.136756
