PS|PC_HL|P_HL_KAN|DAT_AKT
1|1|2444|01.10.2023 06:20:00
1|2|1069|
1|3|927|
1|4|707|
1|5|652|
1|6|459|
1|7|470|
1|8|627|
1|9|443|
1|10|589|
1|11|343|
1|12|385|
1|13|379|
1|14|253|
1|15|358|
1|16|445|
1|17|343|
1|18|750|
1|19|218|
1|20|236|
1|21|296|
1|22|151|
1|23|168|
1|24|189|
1|25|111|
1|26|149|
1|27|293|
1|28|207|
1|29|134|
1|30|212|
1|31|143|
1|32|98|
1|33|87|
1|34|154|
1|35|98|
1|36|171|
1|37|218|
1|38|56|
1|39|73|
1|40|212|
1|41|138|
1|42|99|
1|43|61|
1|44|150|
1|45|53|
1|46|73|
1|47|100|
1|48|78|
1|49|68|
1|50|79|
1|51|127|
1|52|92|
1|53|110|
1|54|154|
1|55|93|
1|56|152|
1|57|99|
1|58|177|
1|59|98|
1|60|214|
2|1|211|
2|2|220|
2|3|517|
2|4|152|
2|5|116|
2|6|95|
2|7|82|
2|8|108|
2|9|77|
2|10|93|
2|11|44|
2|12|56|
2|13|38|
2|14|113|
2|15|47|
2|16|67|
2|17|69|
2|18|111|
2|19|56|
2|20|33|
2|21|70|
2|22|58|
2|23|31|
2|24|36|
2|25|24|
2|26|20|
2|27|20|
2|28|25|
2|29|23|
2|30|42|
2|31|19|
2|32|16|
2|33|16|
2|34|19|
2|35|38|
2|36|60|
2|37|25|
2|38|26|
2|39|53|
2|40|16|
2|41|12|
2|42|22|
2|43|15|
2|44|22|
2|45|25|
2|46|25|
2|47|22|
2|48|27|
2|49|25|
2|50|21|
2|51|21|
2|52|14|
2|53|25|
2|54|23|
2|55|26|
2|56|16|
2|57|14|
2|58|45|
2|59|10|
2|60|15|
2|61|25|
2|62|44|
2|63|20|
2|64|26|
2|65|13|
2|66|21|
2|67|18|
2|68|25|
2|69|19|
2|70|77|
3|1|290149|
3|2|99959|
3|3|117165|
3|4|58952|
3|5|62357|
3|6|27758|
3|7|14278|
3|8|18374|
3|9|27115|
3|10|34163|
3|11|19182|
3|12|19524|
3|13|26317|
3|14|10023|
3|15|64059|
3|16|5480|
3|17|34529|
3|18|9578|
3|19|13342|
3|20|7834|
3|21|5776|
3|22|4867|
3|23|2909|
3|24|16394|
3|25|11960|
3|26|2932|
3|27|2987|
3|28|5573|
3|29|1490|
3|30|4081|
3|31|8759|
3|32|2637|
3|33|1445|
3|34|1477|
3|35|6728|
3|36|5066|
3|37|4964|
3|38|2995|
3|39|3110|
3|40|4784|
3|41|2698|
3|42|4238|
3|43|1538|
3|44|2445|
3|45|1592|
3|46|2463|
3|47|2494|
3|48|845|
3|49|4080|
3|50|1017|
3|51|1673|
3|52|5186|
3|53|2636|
3|54|763|
3|55|1482|
3|56|1135|
3|57|853|
3|58|3916|
3|59|511|
3|60|2062|
3|61|1576|
3|62|1090|
3|63|1108|
3|64|1226|
3|65|1044|
3|66|1202|
3|67|996|
3|68|1344|
3|69|1970|
3|70|923|
3|71|536|
3|72|300|
3|73|509|
3|74|502|
3|75|954|
3|76|999|
3|77|2021|
3|78|1012|
3|79|1227|
3|80|1052|
3|81|1102|
3|82|594|
3|83|617|
3|84|598|
3|85|386|
3|86|229|
3|87|783|
3|88|746|
3|89|891|
3|90|466|
3|91|1035|
3|92|714|
3|93|857|
3|94|395|
3|95|502|
3|96|189|
3|97|807|
3|98|620|
3|99|247|
3|100|1207|
3|101|791|
3|102|878|
3|103|478|
3|104|1448|
3|105|554|
3|106|276|
3|107|290|
3|108|270|
3|109|1233|
3|110|240|
3|111|217|
3|112|286|
3|113|554|
3|114|179|
3|115|590|
3|116|435|
3|117|187|
3|118|793|
3|119|662|
3|120|296|
3|121|386|
3|122|251|
3|123|274|
3|124|579|
3|125|143|
3|126|1086|
3|127|900|
3|128|649|
3|129|777|
3|130|208|
3|131|508|
3|132|540|
3|133|535|
3|134|413|
3|135|285|
3|136|280|
3|137|398|
3|138|4590|
3|139|442|
3|140|1538|
3|141|812|
3|142|150|
3|143|308|
3|144|514|
3|145|477|
3|146|341|
3|147|929|
3|148|871|
3|149|1219|
3|150|3743|
4|1|546|
4|2|262|
4|3|259|
4|4|198|
4|5|70|
4|6|133|
4|7|73|
4|8|67|
4|9|93|
4|10|50|
4|11|35|
4|12|29|
4|13|51|
4|14|56|
4|15|28|
4|16|68|
4|17|52|
4|18|65|
4|19|54|
4|20|44|
4|21|40|
4|22|29|
4|23|29|
4|24|111|
4|25|36|
4|26|32|
4|27|38|
4|28|38|
4|29|52|
4|30|55|
4|31|17|
4|32|22|
4|33|31|
4|34|32|
4|35|21|
4|36|24|
4|37|15|
4|38|18|
4|39|20|
4|40|15|
4|41|31|
4|42|22|
4|43|20|
4|44|37|
4|45|11|
4|46|14|
4|47|21|
4|48|81|
4|49|16|
4|50|28|
4|51|23|
4|52|22|
4|53|23|
4|54|39|
4|55|24|
4|56|15|
4|57|31|
4|58|22|
4|59|19|
4|60|38|
4|61|21|
4|62|17|
4|63|16|
4|64|20|
4|65|19|
4|66|17|
4|67|34|
4|68|46|
4|69|19|
4|70|19|
4|71|12|
4|72|9|
4|73|18|
4|74|30|
4|75|9|
4|76|12|
4|77|23|
4|78|18|
4|79|16|
4|80|17|
4|81|8|
4|82|14|
4|83|8|
4|84|11|
4|85|13|
4|86|15|
4|87|5|
4|88|7|
4|89|6|
4|90|7|
4|91|10|
4|92|31|
4|93|18|
4|94|12|
4|95|14|
4|96|17|
4|97|8|
4|98|8|
4|99|2|
4|100|0|
4|101|1|
4|102|2|
4|103|4|
4|104|0|
4|105|4|
4|106|5|
4|107|3|
4|108|1|
4|109|1|
4|110|5|
4|111|6|
4|112|2|
4|113|0|
4|114|3|
4|115|5|
4|116|2|
4|117|2|
4|118|3|
4|119|0|
4|120|3|
4|121|1|
4|122|2|
4|123|9|
4|124|1|
4|125|3|
4|126|2|
4|127|2|
4|128|7|
4|129|4|
4|130|4|
4|131|5|
4|132|0|
4|133|4|
4|134|2|
4|135|2|
4|136|4|
4|137|3|
4|138|5|
4|139|2|
4|140|2|
4|141|2|
4|142|2|
4|143|8|
4|144|12|
4|145|3|
4|146|5|
4|147|8|
4|148|15|
5|1|69278|
5|2|7615|
5|3|4675|
5|4|4595|
5|5|15807|
5|6|3235|
5|7|7297|
5|8|2703|
5|9|26422|
5|10|21099|
5|11|30979|
5|12|2883|
5|13|9978|
5|14|3046|
5|15|7588|
5|16|7350|
5|17|1893|
5|18|52757|
5|19|2263|
5|20|1386|
5|21|875|
5|22|2001|
5|23|10719|
5|24|3906|
5|25|4741|
5|26|919|
5|27|1217|
5|28|1253|
5|29|1574|
5|30|4173|
5|31|1206|
5|32|1309|
5|33|1568|
5|34|1169|
5|35|1080|
5|36|2404|
5|37|2509|
5|38|1129|
5|39|1621|
5|40|788|
5|41|1404|
5|42|1021|
5|43|1126|
5|44|733|
5|45|1009|
5|46|880|
5|47|1300|
5|48|1286|
5|49|856|
5|50|1348|
5|51|2380|
5|52|1006|
5|53|1340|
5|54|20565|
5|55|449|
5|56|671|
5|57|1554|
5|58|21720|
5|59|2187|
5|60|1047|
5|61|573|
5|62|899|
5|63|490|
5|64|351|
5|65|450|
5|66|1090|
5|67|518|
5|68|550|
5|69|1431|
5|70|948|
5|71|1099|
5|72|931|
5|73|735|
5|74|734|
5|75|273|
5|76|373|
5|77|324|
5|78|340|
5|79|311|
5|80|406|
5|81|531|
5|82|619|
5|83|392|
5|84|274|
5|85|419|
5|86|574|
5|87|835|
5|88|423|
5|89|478|
5|90|565|
5|91|615|
5|92|177|
5|93|330|
5|94|458|
5|95|425|
5|96|335|
5|97|552|
5|98|404|
5|99|1167|
5|100|478|
5|101|312|
5|102|497|
5|103|533|
5|104|300|
5|105|456|
5|106|276|
5|107|249|
5|108|443|
5|109|223|
5|110|382|
5|111|979|
5|112|227|
5|113|416|
5|114|128|
5|115|335|
5|116|185|
5|117|499|
5|118|433|
5|119|399|
5|120|512|
5|121|479|
5|122|141|
5|123|181|
5|124|112|
5|125|256|
5|126|150|
5|127|356|
5|128|467|
5|129|567|
5|130|487|
5|131|12193|
5|132|295|
5|133|331|
5|134|502|
5|135|246|
5|136|344|
5|137|503|
5|138|1721|
5|139|760|
5|140|1467|
5|141|360|
5|142|627|
5|143|2299|
5|144|2098|
5|145|1823|
5|146|10706|
5|147|35667|
5|148|11588|
5|149|27722|
5|150|176802|
6|1|3959|
6|2|1805|
6|3|1059|
6|4|893|
6|5|481|
6|6|358|
6|7|456|
6|8|582|
6|9|354|
6|10|499|
6|11|312|
6|12|246|
6|13|235|
6|14|255|
6|15|240|
6|16|437|
6|17|175|
6|18|191|
6|19|123|
6|20|265|
6|21|220|
6|22|231|
6|23|166|
6|24|316|
6|25|82|
6|26|128|
6|27|82|
6|28|87|
6|29|83|
6|30|123|
6|31|62|
6|32|168|
6|33|64|
6|34|74|
6|35|67|
6|36|119|
6|37|110|
6|38|69|
6|39|74|
6|40|186|
6|41|58|
6|42|90|
6|43|62|
6|44|93|
6|45|92|
6|46|90|
6|47|90|
6|48|84|
6|49|59|
6|50|78|
6|51|139|
6|52|87|
6|53|68|
6|54|99|
6|55|55|
6|56|104|
6|57|146|
6|58|105|
6|59|127|
6|60|62|
6|61|65|
6|62|112|
6|63|50|
6|64|37|
6|65|72|
6|66|73|
6|67|53|
6|68|109|
6|69|163|
6|70|44|
6|71|72|
6|72|31|
6|73|58|
6|74|131|
6|75|157|
6|76|96|
6|77|85|
6|78|70|
6|79|82|
6|80|128|
6|81|321|
7|1|1385|
7|2|661|
7|3|631|
7|4|352|
7|5|294|
7|6|75|
7|7|208|
7|8|110|
7|9|85|
7|10|214|
7|11|53|
7|12|156|
7|13|102|
7|14|167|
7|15|97|
7|16|54|
7|17|30|
7|18|128|
7|19|103|
7|20|56|
7|21|40|
7|22|32|
7|23|89|
7|24|83|
7|25|40|
7|26|35|
7|27|107|
7|28|31|
7|29|178|
7|30|120|
7|31|41|
7|32|180|
7|33|50|
7|34|126|
7|35|64|
7|36|26|
7|37|26|
7|38|55|
7|39|31|
7|40|53|
7|41|35|
7|42|64|
7|43|70|
7|44|26|
7|45|10|
7|46|24|
7|47|28|
7|48|17|
7|49|30|
7|50|35|
7|51|16|
7|52|93|
7|53|32|
7|54|28|
7|55|29|
7|56|16|
7|57|10|
7|58|62|
7|59|20|
7|60|29|
7|61|25|
7|62|32|
7|63|23|
7|64|24|
7|65|24|
7|66|19|
7|67|59|
7|68|27|
7|69|23|
7|70|15|
7|71|20|
7|72|147|
7|73|26|
7|74|12|
7|75|14|
7|76|91|
7|77|34|
7|78|22|
7|79|15|
7|80|10|
7|81|7|
7|82|9|
7|83|4|
7|84|4|
7|85|1|
7|86|4|
7|87|18|
7|88|3|
7|89|0|
7|90|9|
7|91|7|
7|92|10|
7|93|0|
7|94|5|
7|95|3|
7|96|28|
7|97|0|
7|98|4|
7|99|17|
7|100|27|
7|101|0|
7|102|20|
7|103|5|
7|104|6|
7|105|4|
7|106|9|
7|107|2|
7|108|2|
7|109|4|
7|110|9|
7|111|1|
7|112|6|
7|113|4|
7|114|27|
7|115|1|
7|116|7|
7|117|19|
7|118|3|
7|119|12|
7|120|6|
7|121|1|
7|122|3|
7|123|5|
7|124|3|
7|125|52|
8|1|440|
8|2|179|
8|3|138|
8|4|353|
8|5|113|
8|6|81|
8|7|78|
8|8|73|
8|9|241|
8|10|138|
8|11|53|
8|12|23|
8|13|46|
8|14|133|
8|15|111|
8|16|37|
8|17|50|
8|18|42|
8|19|44|
8|20|65|
8|21|75|
8|22|33|
8|23|33|
8|24|22|
8|25|30|
8|26|6|
8|27|46|
8|28|39|
8|29|35|
8|30|40|
8|31|40|
8|32|31|
8|33|20|
8|34|15|
8|35|24|
8|36|30|
8|37|44|
8|38|10|
8|39|53|
8|40|20|
8|41|37|
9|1|3543|
9|2|2412|
9|3|693|
9|4|1025|
9|5|540|
9|6|270|
9|7|835|
9|8|172|
9|9|454|
9|10|138|
9|11|139|
9|12|396|
9|13|299|
9|14|351|
9|15|129|
9|16|264|
9|17|78|
9|18|174|
9|19|81|
9|20|157|
9|21|34|
9|22|92|
9|23|140|
9|24|143|
9|25|91|
9|26|61|
9|27|100|
9|28|70|
9|29|83|
9|30|153|
9|31|96|
9|32|173|
9|33|122|
9|34|55|
9|35|86|
9|36|56|
9|37|92|
9|38|31|
9|39|31|
9|40|144|
9|41|94|
9|42|66|
9|43|52|
9|44|38|
9|45|108|
9|46|23|
9|47|156|
9|48|19|
9|49|47|
9|50|57|
9|51|67|
9|52|69|
9|53|64|
9|54|46|
9|55|47|
9|56|38|
9|57|76|
9|58|42|
9|59|48|
9|60|73|
9|61|20|
9|62|40|
9|63|53|
9|64|26|
9|65|22|
9|66|16|
9|67|55|
9|68|27|
9|69|24|
9|70|52|
9|71|40|
9|72|58|
9|73|65|
9|74|23|
9|75|23|
9|76|38|
9|77|66|
9|78|30|
9|79|21|
9|80|20|
9|81|24|
9|82|49|
9|83|22|
9|84|8|
9|85|16|
9|86|19|
9|87|80|
9|88|12|
9|89|6|
9|90|8|
9|91|9|
9|92|25|
9|93|2|
9|94|8|
9|95|15|
9|96|23|
9|97|15|
9|98|7|
9|99|8|
9|100|22|
9|101|19|
9|102|57|
9|103|7|
9|104|10|
9|105|43|
9|106|6|
9|107|30|
9|108|5|
9|109|10|
9|110|18|
9|111|10|
9|112|36|
9|113|6|
9|114|10|
9|115|59|
9|116|3|
9|117|14|
9|118|12|
9|119|21|
9|120|23|
9|121|24|
9|122|16|
9|123|13|
9|124|14|
9|125|24|
9|126|11|
9|127|16|
9|128|105|
9|129|12|
9|130|12|
9|131|21|
9|132|11|
9|133|9|
9|134|29|
9|135|10|
9|136|20|
9|137|9|
9|138|12|
9|139|15|
9|140|9|
9|141|15|
9|142|12|
9|143|18|
9|144|11|
9|145|12|
9|146|14|
9|147|11|
9|148|43|
9|149|41|
10|1|326|
10|2|212|
10|3|114|
10|4|187|
10|5|87|
10|6|60|
10|7|63|
10|8|54|
10|9|112|
10|10|111|
10|11|53|
10|12|47|
10|13|40|
10|14|45|
10|15|66|
10|16|119|
10|17|63|
10|18|75|
10|19|72|
10|20|54|
10|21|53|
10|22|38|
10|23|66|
10|24|44|
10|25|72|
10|26|61|
10|27|73|
11|1|688|
11|2|256|
11|3|126|
11|4|220|
11|5|148|
11|6|79|
11|7|94|
11|8|80|
11|9|48|
11|10|52|
11|11|63|
11|12|46|
11|13|33|
11|14|43|
11|15|19|
11|16|19|
11|17|42|
11|18|26|
11|19|15|
11|20|34|
11|21|25|
11|22|14|
11|23|54|
11|24|41|
11|25|54|
11|26|27|
11|27|20|
11|28|38|
11|29|23|
11|30|25|
11|31|26|
11|32|29|
11|33|24|
11|34|17|
11|35|34|
11|36|25|
11|37|22|
11|38|13|
11|39|6|
11|40|17|
11|41|17|
11|42|21|
11|43|14|
11|44|55|
11|45|57|
12|1|80148|
12|2|47619|
12|3|38583|
12|4|50802|
12|5|43880|
12|6|24174|
12|7|9796|
12|8|13116|
12|9|6253|
12|10|5328|
12|11|5478|
12|12|3065|
12|13|4405|
12|14|798|
12|15|16664|
12|16|15287|
12|17|1984|
12|18|1413|
12|19|768|
12|20|2702|
12|21|1053|
12|22|1930|
12|23|3452|
12|24|2905|
12|25|3305|
12|26|1472|
12|27|905|
12|28|1334|
12|29|1698|
12|30|5508|
12|31|1985|
12|32|1252|
12|33|2052|
12|34|647|
12|35|763|
12|36|875|
12|37|999|
12|38|458|
12|39|409|
12|40|941|
12|41|3988|
12|42|751|
12|43|394|
12|44|2768|
12|45|12081|
12|46|747|
12|47|197|
12|48|445|
12|49|1084|
12|50|377|
12|51|934|
12|52|777|
12|53|487|
12|54|747|
12|55|460|
12|56|320|
12|57|301|
12|58|261|
12|59|320|
12|60|441|
12|61|571|
12|62|642|
12|63|782|
12|64|398|
12|65|342|
12|66|208|
12|67|347|
12|68|271|
12|69|282|
12|70|867|
12|71|491|
12|72|250|
12|73|88|
12|74|131|
12|75|165|
12|76|87|
12|77|192|
12|78|633|
12|79|187|
12|80|393|
12|81|163|
12|82|177|
12|83|226|
12|84|200|
12|85|333|
12|86|367|
12|87|351|
12|88|395|
12|89|152|
12|90|195|
12|91|122|
12|92|150|
12|93|203|
12|94|192|
12|95|271|
12|96|98|
12|97|183|
12|98|330|
12|99|339|
12|100|543|
12|101|3270|
12|102|307|
12|103|132|
12|104|83|
12|105|128|
12|106|114|
12|107|313|
12|108|298|
12|109|932|
12|110|102|
12|111|432|
12|112|434|
12|113|148|
12|114|309|
12|115|120|
12|116|146|
12|117|192|
12|118|215|
12|119|426|
12|120|332|
12|121|202|
12|122|198|
12|123|140|
12|124|109|
12|125|153|
12|126|283|
12|127|107|
12|128|161|
12|129|100|
12|130|137|
12|131|241|
12|132|121|
12|133|209|
12|134|125|
12|135|158|
12|136|110|
12|137|248|
12|138|177|
12|139|68|
12|140|136|
12|141|188|
12|142|472|
12|143|203|
12|144|305|
12|145|305|
12|146|149|
12|147|231|
12|148|183|
12|149|359|
12|150|16445|
13|1|45980|
13|2|26586|
13|3|15168|
13|4|13728|
13|5|1133|
13|6|2073|
13|7|3571|
13|8|2577|
13|9|856|
13|10|1033|
13|11|1259|
13|12|1348|
13|13|1562|
13|14|1154|
13|15|935|
13|16|1309|
13|17|530|
13|18|1849|
13|19|241|
13|20|1438|
13|21|547|
13|22|503|
13|23|1664|
13|24|378|
13|25|1308|
13|26|371|
13|27|575|
13|28|404|
13|29|322|
13|30|233|
13|31|618|
13|32|602|
13|33|780|
13|34|339|
13|35|629|
13|36|440|
13|37|410|
13|38|105|
13|39|435|
13|40|593|
13|41|747|
13|42|278|
13|43|303|
13|44|915|
13|45|382|
13|46|202|
13|47|310|
13|48|450|
13|49|293|
13|50|300|
13|51|301|
13|52|345|
13|53|405|
13|54|626|
13|55|655|
13|56|264|
13|57|258|
13|58|381|
13|59|180|
13|60|214|
13|61|339|
13|62|133|
13|63|167|
13|64|247|
13|65|152|
13|66|311|
13|67|411|
13|68|682|
13|69|104|
13|70|89|
13|71|79|
13|72|527|
13|73|120|
13|74|57|
13|75|67|
13|76|73|
13|77|275|
13|78|105|
13|79|47|
13|80|32|
13|81|172|
13|82|73|
13|83|75|
13|84|47|
13|85|184|
13|86|65|
13|87|167|
13|88|106|
13|89|88|
13|90|39|
13|91|99|
13|92|78|
13|93|60|
13|94|64|
13|95|4|
13|96|44|
13|97|94|
13|98|59|
13|99|31|
13|100|63|
13|101|106|
13|102|60|
13|103|34|
13|104|32|
13|105|69|
13|106|68|
13|107|196|
13|108|114|
13|109|37|
13|110|65|
13|111|114|
13|112|72|
13|113|59|
13|114|31|
13|115|108|
13|116|39|
13|117|31|
13|118|66|
13|119|25|
13|120|82|
13|121|79|
13|122|46|
13|123|39|
13|124|125|
13|125|71|
13|126|140|
13|127|63|
13|128|129|
13|129|44|
13|130|210|
13|131|59|
13|132|72|
13|133|74|
13|134|96|
13|135|54|
13|136|64|
13|137|77|
13|138|56|
13|139|121|
13|140|111|
13|141|71|
13|142|43|
13|143|92|
13|144|53|
13|145|48|
13|146|125|
13|147|112|
13|148|115|
13|149|144|
13|150|1625|
14|1|1051|
14|2|592|
14|3|491|
14|4|302|
14|5|267|
14|6|180|
14|7|119|
14|8|138|
14|9|85|
14|10|74|
14|11|90|
14|12|127|
14|13|88|
14|14|102|
14|15|105|
14|16|96|
14|17|73|
14|18|51|
14|19|113|
14|20|23|
14|21|70|
14|22|71|
14|23|63|
14|24|43|
14|25|57|
14|26|48|
14|27|55|
14|28|71|
14|29|68|
14|30|30|
14|31|37|
14|32|36|
14|33|51|
14|34|45|
14|35|34|
14|36|12|
14|37|71|
14|38|26|
14|39|21|
14|40|18|
14|41|85|
14|42|65|
14|43|37|
14|44|42|
14|45|21|
14|46|60|
14|47|104|
14|48|57|
14|49|96|
15|1|67944|
15|2|11267|
15|3|6838|
15|4|5602|
15|5|62767|
15|6|3853|
15|7|2206|
15|8|2031|
15|9|2105|
15|10|2719|
15|11|2353|
15|12|27043|
15|13|7308|
15|14|918|
15|15|25087|
15|16|4202|
15|17|2409|
15|18|3246|
15|19|1630|
15|20|22376|
15|21|20905|
15|22|1574|
15|23|1847|
15|24|472|
15|25|1028|
15|26|761|
15|27|1542|
15|28|1165|
15|29|835|
15|30|833|
15|31|692|
15|32|1065|
15|33|1211|
15|34|940|
15|35|1376|
15|36|1326|
15|37|517|
15|38|844|
15|39|452|
15|40|2021|
15|41|778|
15|42|543|
15|43|1288|
15|44|1089|
15|45|707|
15|46|691|
15|47|282|
15|48|1212|
15|49|569|
15|50|1096|
15|51|1559|
15|52|999|
15|53|926|
15|54|609|
15|55|1374|
15|56|851|
15|57|530|
15|58|632|
15|59|559|
15|60|595|
15|61|322|
15|62|172|
15|63|280|
15|64|300|
15|65|301|
15|66|728|
15|67|447|
15|68|681|
15|69|531|
15|70|943|
15|71|551|
15|72|505|
15|73|959|
15|74|366|
15|75|288|
15|76|209|
15|77|249|
15|78|360|
15|79|588|
15|80|261|
15|81|360|
15|82|210|
15|83|166|
15|84|173|
15|85|138|
15|86|361|
15|87|145|
15|88|293|
15|89|276|
15|90|280|
15|91|333|
15|92|336|
15|93|259|
15|94|227|
15|95|232|
15|96|374|
15|97|350|
15|98|351|
15|99|216|
15|100|8207|
15|101|8541|
15|102|1996|
15|103|114|
15|104|146|
15|105|406|
15|106|225|
15|107|540|
15|108|164|
15|109|645|
15|110|559|
15|111|478|
15|112|83|
15|113|277|
15|114|77|
15|115|212|
15|116|234|
15|117|120|
15|118|98|
15|119|298|
15|120|317|
15|121|297|
15|122|196|
15|123|192|
15|124|154|
15|125|70|
15|126|149|
15|127|213|
15|128|167|
15|129|2207|
15|130|13003|
15|131|705|
15|132|589|
15|133|350|
15|134|381|
15|135|216|
15|136|735|
15|137|325|
15|138|290|
15|139|263|
15|140|12658|
15|141|459|
15|142|758|
15|143|794|
15|144|1036|
15|145|578|
15|146|668|
15|147|2877|
15|148|25059|
15|149|1210|
15|150|57620|
16|1|528485|
16|2|180885|
16|3|218834|
16|4|68547|
16|5|84748|
16|6|144075|
16|7|261266|
16|8|28768|
16|9|131041|
16|10|7552|
16|11|8205|
16|12|13612|
16|13|3831|
16|14|2641|
16|15|10126|
16|16|4538|
16|17|1267|
16|18|2643|
16|19|2228|
16|20|3128|
16|21|5567|
16|22|6271|
16|23|11664|
16|24|3040|
16|25|2947|
16|26|1069|
16|27|887|
16|28|1219|
16|29|3167|
16|30|3289|
16|31|1668|
16|32|4048|
16|33|6245|
16|34|2109|
16|35|5973|
16|36|3107|
16|37|2759|
16|38|1891|
16|39|1385|
16|40|1902|
16|41|2272|
16|42|1591|
16|43|2510|
16|44|1788|
16|45|2652|
16|46|1007|
16|47|713|
16|48|2357|
16|49|1426|
16|50|1103|
16|51|1841|
16|52|1501|
16|53|10088|
16|54|1156|
16|55|1109|
16|56|1804|
16|57|1727|
16|58|1535|
16|59|1019|
16|60|852|
16|61|2320|
16|62|971|
16|63|1506|
16|64|1176|
16|65|1117|
16|66|516|
16|67|1911|
16|68|2718|
16|69|719|
16|70|2063|
16|71|1047|
16|72|1411|
16|73|1472|
16|74|1445|
16|75|625|
16|76|391|
16|77|884|
16|78|317|
16|79|489|
16|80|288|
16|81|826|
16|82|657|
16|83|399|
16|84|466|
16|85|295|
16|86|396|
16|87|511|
16|88|553|
16|89|441|
16|90|366|
16|91|271|
16|92|477|
16|93|834|
16|94|656|
16|95|573|
16|96|844|
16|97|269|
16|98|920|
16|99|728|
16|100|889|
16|101|523|
16|102|884|
16|103|532|
16|104|866|
16|105|447|
16|106|444|
16|107|275|
16|108|504|
16|109|537|
16|110|438|
16|111|649|
16|112|524|
16|113|364|
16|114|244|
16|115|461|
16|116|324|
16|117|819|
16|118|450|
16|119|290|
16|120|280|
16|121|251|
16|122|950|
16|123|463|
16|124|337|
16|125|719|
16|126|272|
16|127|686|
16|128|663|
16|129|283|
16|130|235|
16|131|300|
16|132|431|
16|133|344|
16|134|380|
16|135|751|
16|136|613|
16|137|243|
16|138|124|
16|139|1469|
16|140|464|
16|141|550|
16|142|749|
16|143|240|
16|144|460|
16|145|214|
16|146|208|
16|147|617|
16|148|1091|
16|149|1142|
16|150|15102|
17|1|336809|
17|2|167912|
17|3|140873|
17|4|114751|
17|5|20039|
17|6|26967|
17|7|20197|
17|8|30434|
17|9|43468|
17|10|3124|
17|11|5659|
17|12|4874|
17|13|3218|
17|14|8278|
17|15|5560|
17|16|2520|
17|17|3706|
17|18|5312|
17|19|823|
17|20|1379|
17|21|5494|
17|22|3943|
17|23|28555|
17|24|1911|
17|25|1397|
17|26|2218|
17|27|4123|
17|28|3219|
17|29|4532|
17|30|1568|
17|31|1086|
17|32|2193|
17|33|2638|
17|34|2062|
17|35|2227|
17|36|3622|
17|37|1359|
17|38|1119|
17|39|2360|
17|40|1234|
17|41|1765|
17|42|487|
17|43|627|
17|44|5530|
17|45|797|
17|46|2115|
17|47|2757|
17|48|3489|
17|49|1354|
17|50|1939|
17|51|655|
17|52|1473|
17|53|2177|
17|54|692|
17|55|3074|
17|56|770|
17|57|558|
17|58|508|
17|59|1519|
17|60|348|
17|61|1813|
17|62|1951|
17|63|645|
17|64|1273|
17|65|1175|
17|66|1068|
17|67|1001|
17|68|531|
17|69|632|
17|70|1181|
17|71|382|
17|72|2578|
17|73|2761|
17|74|1266|
17|75|861|
17|76|741|
17|77|292|
17|78|212|
17|79|839|
17|80|574|
17|81|389|
17|82|1117|
17|83|969|
17|84|705|
17|85|406|
17|86|400|
17|87|388|
17|88|318|
17|89|767|
17|90|536|
17|91|227|
17|92|205|
17|93|1146|
17|94|749|
17|95|350|
17|96|867|
17|97|308|
17|98|410|
17|99|658|
17|100|2535|
17|101|331|
17|102|139|
17|103|559|
17|104|994|
17|105|1298|
17|106|187|
17|107|599|
17|108|214|
17|109|386|
17|110|397|
17|111|210|
17|112|560|
17|113|1063|
17|114|435|
17|115|392|
17|116|50|
17|117|205|
17|118|419|
17|119|306|
17|120|868|
17|121|283|
17|122|643|
17|123|368|
17|124|443|
17|125|630|
17|126|410|
17|127|812|
17|128|639|
17|129|743|
17|130|564|
17|131|387|
17|132|558|
17|133|386|
17|134|84|
17|135|134|
17|136|250|
17|137|390|
17|138|385|
17|139|402|
17|140|426|
17|141|283|
17|142|533|
17|143|444|
17|144|248|
17|145|683|
17|146|218|
17|147|558|
17|148|696|
17|149|339|
17|150|7578|
18|1|56368|
18|2|10820|
18|3|9012|
18|4|16361|
18|5|3947|
18|6|21233|
18|7|14678|
18|8|5619|
18|9|14286|
18|10|6593|
18|11|11042|
18|12|7960|
18|13|6092|
18|14|4601|
18|15|1536|
18|16|5739|
18|17|5560|
18|18|726|
18|19|4927|
18|20|17917|
18|21|7317|
18|22|2193|
18|23|2917|
18|24|3794|
18|25|4838|
18|26|1191|
18|27|1744|
18|28|1523|
18|29|1382|
18|30|3075|
18|31|1145|
18|32|2690|
18|33|2743|
18|34|1537|
18|35|1221|
18|36|468|
18|37|1498|
18|38|420|
18|39|3823|
18|40|3256|
18|41|2994|
18|42|1043|
18|43|2313|
18|44|2034|
18|45|1264|
18|46|836|
18|47|863|
18|48|596|
18|49|1314|
18|50|1510|
18|51|973|
18|52|692|
18|53|876|
18|54|745|
18|55|518|
18|56|446|
18|57|282|
18|58|709|
18|59|1853|
18|60|760|
18|61|729|
18|62|321|
18|63|229|
18|64|623|
18|65|1117|
18|66|902|
18|67|299|
18|68|1276|
18|69|1494|
18|70|1332|
18|71|521|
18|72|1154|
18|73|1552|
18|74|363|
18|75|666|
18|76|1418|
18|77|667|
18|78|1718|
18|79|3851|
18|80|663|
18|81|139|
18|82|867|
18|83|585|
18|84|516|
18|85|984|
18|86|1446|
18|87|660|
18|88|665|
18|89|389|
18|90|258|
18|91|440|
18|92|552|
18|93|699|
18|94|218|
18|95|431|
18|96|872|
18|97|457|
18|98|869|
18|99|1600|
18|100|1762|
18|101|230|
18|102|316|
18|103|1331|
18|104|231|
18|105|506|
18|106|909|
18|107|628|
18|108|826|
18|109|206|
18|110|444|
18|111|269|
18|112|147|
18|113|288|
18|114|728|
18|115|289|
18|116|279|
18|117|108|
18|118|627|
18|119|980|
18|120|395|
18|121|764|
18|122|442|
18|123|558|
18|124|368|
18|125|509|
18|126|556|
18|127|258|
18|128|314|
18|129|656|
18|130|488|
18|131|413|
18|132|292|
18|133|214|
18|134|590|
18|135|74|
18|136|257|
18|137|595|
18|138|435|
18|139|626|
18|140|440|
18|141|517|
18|142|372|
18|143|431|
18|144|151|
18|145|1409|
18|146|1294|
18|147|2415|
18|148|4743|
18|149|31264|
19|1|492|
19|2|322|
19|3|224|
19|4|253|
19|5|89|
19|6|114|
19|7|56|
19|8|112|
19|9|90|
19|10|78|
19|11|48|
19|12|126|
19|13|71|
19|14|80|
19|15|55|
19|16|36|
19|17|63|
19|18|64|
19|19|101|
19|20|33|
19|21|62|
19|22|69|
19|23|29|
19|24|50|
19|25|24|
19|26|56|
19|27|47|
19|28|16|
19|29|48|
19|30|21|
19|31|28|
19|32|24|
19|33|42|
19|34|32|
19|35|34|
19|36|16|
19|37|30|
19|38|35|
19|39|28|
19|40|14|
19|41|43|
19|42|19|
19|43|30|
19|44|63|
19|45|18|
19|46|18|
19|47|16|
19|48|23|
19|49|17|
19|50|26|
19|51|39|
19|52|29|
19|53|21|
19|54|22|
19|55|19|
19|56|25|
19|57|22|
19|58|32|
19|59|20|
19|60|6|
19|61|26|
19|62|25|
19|63|26|
19|64|29|
19|65|14|
19|66|23|
19|67|21|
19|68|13|
19|69|14|
19|70|14|
19|71|30|
19|72|14|
19|73|11|
19|74|34|
19|75|10|
19|76|28|
19|77|20|
19|78|37|
19|79|14|
19|80|20|
19|81|24|
19|82|19|
19|83|11|
19|84|16|
19|85|21|
19|86|20|
19|87|26|
19|88|34|
19|89|8|
19|90|1|
19|91|4|
19|92|5|
19|93|9|
19|94|4|
19|95|8|
19|96|4|
19|97|7|
19|98|9|
19|99|18|
19|100|55|
20|1|253|
20|2|112|
20|3|105|
20|4|136|
20|5|90|
20|6|127|
20|7|87|
20|8|89|
20|9|60|
20|10|81|
20|11|92|
21|1|14879|
21|2|6848|
21|3|7268|
21|4|3063|
21|5|1587|
21|6|677|
21|7|445|
21|8|838|
21|9|6848|
21|10|4215|
21|11|296|
21|12|590|
21|13|1120|
21|14|459|
21|15|547|
21|16|275|
21|17|369|
21|18|519|
21|19|326|
21|20|237|
21|21|443|
21|22|313|
21|23|192|
21|24|270|
21|25|100|
21|26|498|
21|27|222|
21|28|173|
21|29|210|
21|30|219|
21|31|204|
21|32|108|
21|33|5175|
21|34|176|
21|35|102|
21|36|113|
21|37|1010|
21|38|169|
21|39|76|
21|40|209|
21|41|147|
21|42|131|
21|43|207|
21|44|171|
21|45|90|
21|46|175|
21|47|116|
21|48|95|
21|49|107|
21|50|1333|
21|51|84|
21|52|113|
21|53|73|
21|54|223|
21|55|108|
21|56|214|
21|57|93|
21|58|151|
21|59|56|
21|60|119|
21|61|90|
21|62|121|
21|63|61|
21|64|23|
21|65|100|
21|66|135|
21|67|116|
21|68|44|
21|69|60|
21|70|38|
21|71|66|
21|72|90|
21|73|60|
21|74|98|
21|75|68|
21|76|55|
21|77|75|
21|78|58|
21|79|83|
21|80|111|
21|81|59|
21|82|127|
21|83|104|
21|84|109|
21|85|28|
21|86|39|
21|87|30|
21|88|79|
21|89|54|
21|90|61|
21|91|59|
21|92|15|
21|93|22|
21|94|11|
21|95|18|
21|96|11|
21|97|11|
21|98|72|
21|99|92|
21|100|74|
21|101|78|
21|102|13|
21|103|33|
21|104|10|
21|105|35|
21|106|44|
21|107|17|
21|108|107|
21|109|22|
21|110|16|
21|111|34|
21|112|25|
21|113|99|
21|114|53|
21|115|47|
21|116|18|
21|117|10|
21|118|27|
21|119|21|
21|120|39|
21|121|18|
21|122|107|
21|123|20|
21|124|29|
21|125|28|
21|126|41|
21|127|94|
21|128|7|
21|129|20|
21|130|14|
21|131|37|
21|132|41|
21|133|13|
21|134|21|
21|135|28|
21|136|12|
21|137|42|
21|138|16|
21|139|38|
21|140|41|
21|141|32|
21|142|456|
21|143|44|
21|144|97|
21|145|21|
21|146|28|
21|147|47|
21|148|18|
21|149|84|
21|150|154|
22|1|37893|
22|2|43817|
22|3|4897|
22|4|43769|
22|5|19319|
22|6|3062|
22|7|37240|
22|8|1993|
22|9|2090|
22|10|904|
22|11|967|
22|12|6387|
22|13|5587|
22|14|457|
22|15|3415|
22|16|1392|
22|17|931|
22|18|1122|
22|19|433|
22|20|1559|
22|21|394|
22|22|195|
22|23|858|
22|24|336|
22|25|275|
22|26|242|
22|27|455|
22|28|235|
22|29|230|
22|30|223|
22|31|113|
22|32|192|
22|33|234|
22|34|139|
22|35|344|
22|36|308|
22|37|113|
22|38|373|
22|39|223|
22|40|182|
22|41|276|
22|42|879|
22|43|106|
22|44|89|
22|45|94|
22|46|133|
22|47|100|
22|48|270|
22|49|292|
22|50|145|
22|51|292|
22|52|100|
22|53|173|
22|54|134|
22|55|122|
22|56|87|
22|57|164|
22|58|89|
22|59|53|
22|60|160|
22|61|147|
22|62|367|
22|63|207|
22|64|272|
22|65|205|
22|66|122|
22|67|245|
22|68|43|
22|69|66|
22|70|64|
22|71|204|
22|72|65|
22|73|37|
22|74|187|
22|75|84|
22|76|60|
22|77|101|
22|78|40|
22|79|30|
22|80|95|
22|81|82|
22|82|78|
22|83|88|
22|84|85|
22|85|42|
22|86|46|
22|87|37|
22|88|91|
22|89|54|
22|90|26|
22|91|23|
22|92|14|
22|93|107|
22|94|25|
22|95|87|
22|96|74|
22|97|86|
22|98|18|
22|99|21|
22|100|275|
22|101|29|
22|102|49|
22|103|30|
22|104|11|
22|105|37|
22|106|18|
22|107|51|
22|108|28|
22|109|19|
22|110|41|
22|111|32|
22|112|102|
22|113|54|
22|114|107|
22|115|27|
22|116|86|
22|117|52|
22|118|12|
22|119|41|
22|120|14|
22|121|26|
22|122|82|
22|123|175|
22|124|43|
22|125|18|
22|126|20|
22|127|62|
22|128|29|
22|129|40|
22|130|37|
22|131|14|
22|132|11|
22|133|410|
22|134|61|
22|135|84|
22|136|19|
22|137|28|
22|138|44|
22|139|27|
22|140|208|
22|141|37|
22|142|35|
22|143|467|
22|144|347|
22|145|8640|
22|146|355|
22|147|340|
22|148|244|
22|149|179|
22|150|4880|
23|1|98304|
23|2|15565|
23|3|18914|
23|4|20978|
23|5|19378|
23|6|3157|
23|7|12076|
23|8|10192|
23|9|11062|
23|10|5081|
23|11|12065|
23|12|31057|
23|13|8050|
23|14|5147|
23|15|3179|
23|16|10279|
23|17|13358|
23|18|3045|
23|19|3382|
23|20|9635|
23|21|807|
23|22|4421|
23|23|9730|
23|24|3789|
23|25|4485|
23|26|3833|
23|27|1530|
23|28|5031|
23|29|3858|
23|30|3169|
23|31|2092|
23|32|1349|
23|33|873|
23|34|1325|
23|35|3809|
23|36|2118|
23|37|2069|
23|38|1028|
23|39|770|
23|40|1870|
23|41|3176|
23|42|2666|
23|43|1855|
23|44|1770|
23|45|1329|
23|46|910|
23|47|821|
23|48|2782|
23|49|475|
23|50|1840|
23|51|2381|
23|52|606|
23|53|2864|
23|54|1901|
23|55|2471|
23|56|2458|
23|57|869|
23|58|1831|
23|59|1100|
23|60|224|
23|61|1169|
23|62|1256|
23|63|1638|
23|64|2395|
23|65|4974|
23|66|5406|
23|67|625|
23|68|1292|
23|69|1436|
23|70|1053|
23|71|839|
23|72|544|
23|73|338|
23|74|140|
23|75|1059|
23|76|2094|
23|77|2235|
23|78|740|
23|79|340|
23|80|1218|
23|81|329|
23|82|589|
23|83|332|
23|84|288|
23|85|272|
23|86|2210|
23|87|1423|
23|88|445|
23|89|621|
23|90|97|
23|91|366|
23|92|238|
23|93|515|
23|94|430|
23|95|1497|
23|96|1092|
23|97|54|
23|98|291|
23|99|681|
23|100|239|
23|101|879|
23|102|404|
23|103|157|
23|104|273|
23|105|1395|
23|106|1382|
23|107|1209|
23|108|105|
23|109|474|
23|110|1128|
23|111|257|
23|112|224|
23|113|169|
23|114|1051|
23|115|586|
23|116|637|
23|117|1147|
23|118|456|
23|119|872|
23|120|528|
23|121|390|
23|122|267|
23|123|595|
23|124|137|
23|125|712|
23|126|762|
23|127|571|
23|128|265|
23|129|361|
23|130|310|
23|131|156|
23|132|590|
23|133|434|
23|134|239|
23|135|1969|
23|136|176|
23|137|918|
23|138|351|
23|139|230|
23|140|676|
23|141|225|
23|142|298|
23|143|96|
23|144|357|
23|145|2009|
23|146|719|
23|147|761|
23|148|1580|
23|149|1411|
23|150|11987|
24|1|797|
24|2|292|
24|3|415|
24|4|267|
24|5|289|
24|6|165|
24|7|519|
24|8|168|
24|9|160|
24|10|127|
24|11|257|
24|12|209|
24|13|256|
24|14|137|
24|15|111|
24|16|130|
24|17|189|
25|1|103003|
25|2|51578|
25|3|35171|
25|4|5801|
25|5|10340|
25|6|5095|
25|7|10071|
25|8|3902|
25|9|4079|
25|10|2877|
25|11|1097|
25|12|1284|
25|13|5125|
25|14|2399|
25|15|1381|
25|16|1576|
25|17|1525|
25|18|827|
25|19|3774|
25|20|1659|
25|21|927|
25|22|2904|
25|23|1964|
25|24|598|
25|25|1332|
25|26|1287|
25|27|1935|
25|28|997|
25|29|1053|
25|30|892|
25|31|312|
25|32|802|
25|33|678|
25|34|198|
25|35|465|
25|36|2991|
25|37|585|
25|38|1303|
25|39|915|
25|40|503|
25|41|418|
25|42|585|
25|43|550|
25|44|1183|
25|45|690|
25|46|1627|
25|47|1111|
25|48|925|
25|49|872|
25|50|1153|
25|51|1110|
25|52|310|
25|53|306|
25|54|467|
25|55|646|
25|56|658|
25|57|799|
25|58|671|
25|59|916|
25|60|214|
25|61|398|
25|62|522|
25|63|315|
25|64|546|
25|65|189|
25|66|844|
25|67|1295|
25|68|364|
25|69|392|
25|70|566|
25|71|908|
25|72|445|
25|73|363|
25|74|444|
25|75|673|
25|76|414|
25|77|358|
25|78|69|
25|79|241|
25|80|176|
25|81|411|
25|82|348|
25|83|149|
25|84|80|
25|85|339|
25|86|209|
25|87|105|
25|88|215|
25|89|68|
25|90|165|
25|91|209|
25|92|109|
25|93|238|
25|94|199|
25|95|128|
25|96|149|
25|97|143|
25|98|162|
25|99|240|
25|100|211|
25|101|218|
25|102|421|
25|103|221|
25|104|178|
25|105|190|
25|106|119|
25|107|66|
25|108|233|
25|109|77|
25|110|188|
25|111|359|
25|112|179|
25|113|140|
25|114|99|
25|115|494|
25|116|200|
25|117|110|
25|118|56|
25|119|57|
25|120|167|
25|121|121|
25|122|152|
25|123|96|
25|124|422|
25|125|406|
25|126|227|
25|127|371|
25|128|81|
25|129|83|
25|130|416|
25|131|92|
25|132|51|
25|133|98|
25|134|68|
25|135|397|
25|136|175|
25|137|169|
25|138|191|
25|139|184|
25|140|83|
25|141|127|
25|142|205|
25|143|371|
25|144|164|
25|145|213|
25|146|324|
25|147|288|
25|148|339|
25|149|6746|
25|150|62466|
